Name,Seq
AatII,GACGT^C
AbsI,CC^TCGAGG
Acc16I,TGC^GCA
Acc36I,ACCTGC(4/8)
Acc65I,G^GTACC
AccB1I,G^GYRCC
AccB7I,CCANNNN^NTGG
AccBSI,CCGCTC(-3/-3)
AclI,AA^CGTT
AclWI,GGATC(4/5)
AcoI,Y^GGCCR
AcsI,R^AATTY
AcuI,CTGAAG(16/14)
AfeI,AGC^GCT
AgsI,TTS^AA
AhlI,A^CTAGT
AjnI,^CCWGG
AleI,CACNN^NNGTG
AluI,AG^CT
AluBI,AG^CT
Ama87I,C^YCGRG
AoxI,^GGCC
ApaI,GGGCC^C
ArsI,(8/13)GACNNNNNNTTYG(11/6)
AsiGI,A^CCGGT
AsiSI,GCGAT^CGC
AspA2I,C^CTAGG
AspLEI,GCG^C
AspS9I,G^GNCC
AsuC2I,CC^SGG
AsuHPI,GGTGA(8/7)
AsuNHI,G^CTAGC
BamHI,G^GATCC
BarI,(7/12)GAAGNNNNNNTAC(12/7)
Bbv12I,GWGCW^C
BglI,GCCNNNN^NGGC
BglII,A^GATCT
BlsI,GCN^GC
Bme18I,G^GWCC
BmtI,GCTAG^C
BmuI,ACTGGG(5/4)
BpmI,CTGGAG(16/14)
Bpu10I,CCTNAGC(-5/-2)
Bpu14I,TT^CGAA
Bsa29I,AT^CGAT
Bsc4I,CCNNNNN^NNGG
Bse1I,ACTGG(1/-1)
Bse8I,GATNN^NNATC
Bse21I,CC^TNAGG
Bse118I,R^CCGGY
Bse3DI,GCAATG(2/0)
BsePI,G^CGCGC
BseX3I,C^GGCCG
BslFI,GGGAC(10/14)
Bso31I,GGTCTC(1/5)
Bsp13I,T^CCGGA
Bsp19I,C^CATGG
Bsp1720I,GC^TNAGC
BspACI,CCGC(-3/-1)
BspFNI,CG^CG
BssECI,C^CNNGG
BssNAI,GTA^TAC
BssT1I,C^CWWGG
Bst6I,CTCTTC(1/4)
BstACI,GR^CGYC
BstAFI,C^TTAAG
BstAPI,GCANNNN^NTGC
BstAUI,T^GTACA
Bst2BI,CACGAG(-5/-1)
BstBAI,YAC^GTR
Bst4CI,ACN^GT
BstC8I,GCN^NGC
BstDEI,C^TNAG
BstDSI,C^CRYGG
BstENI,CCTNN^NNNAGG
BstF5I,GGATG(2/0)
BstFNI,CG^CG
BstH2I,RGCGC^Y
BstHHI,GCG^C
BstKTI,GAT^C
BstMAI,GTCTC(1/5)
BstMBI,^GATC
BstMCI,CGRY^CG
BstMWI,GCNNNNN^NNGC
BstNSI,RCATG^Y
BstPAI,GACNN^NNGTC
BstSCI,^CCNGG
BstSFI,C^TRYAG
BstSLI,GKGCM^C
BstSNI,TAC^GTA
Bst2UI,CC^WGG
BstV1I,GCAGC(8/12)
BstV2I,GAAGAC(2/6)
BstXI,CCANNNNN^NTGG
BstX2I,R^GATCY
BsuI,GTATCC(6/5)
BsuRI,GG^CC
BtrI,CACGTC(-3/-3)
CciI,T^CATGA
CciNI,GC^GGCCGC
DraI,TTT^AAA
DraIII,CACNNN^GTG
DriI,GACNNN^NNGTC
DseDI,GACNNNN^NNGTC
EcoICRI,GAG^CTC
EcoRI,G^AATTC
EcoRV,GAT^ATC
EgeI,GGC^GCC
ErhI,C^CWWGG
FaeI,CATG^
FaiI,YA^TR
FalI,(8/13)AAGNNNNNCTT(13/8)
FatI,^CATG
FauI,CCCGC(4/6)
FauNDI,CA^TATG
FblI,GT^MKAC
FokI,GGATG(9/13)
FriOI,GRGCY^C
Fsp4HI,GC^NGC
GlaI,GC^GC
GluI,GC^NGC
GsaI,CCCAGC(-1/-5)
HaeIII,GG^CC
HgaI,GACGC(5/10)
HindII,GTY^RAC
HindIII,A^AGCTT
HinfI,G^ANTC
HpaI,GTT^AAC
HpaII,C^CGG
HpySE526I,A^CGT
HspAI,G^CGC
KpnI,GGTAC^C
KroI,G^CCGGC
KroNI,GCC^GGC
Ksp22I,T^GATCA
Kzo9I,^GATC
LmnI,GCTCC(1/-1)
MabI,A^CCWGGT
MalI,GA^TC
MboII,GAAGA(8/7)
MfeI,C^AATTG
MhlI,GDGCH^C
MluI,A^CGCGT
Mly113I,GG^CGCC
MnlI,CCTC(7/6)
Mox20I,TGG^CCA
MroNI,G^CCGGC
MroXI,GAANN^NNTTC
MspI,C^CGG
MspA1I,CMG^CKG
MspR9I,CC^NGG
MteI,GCGC^NGCGC
NruI,TCG^CGA
PalAI,GG^CGCGCC
PceI,AGG^CCT
PciI,A^CATGT
PciSI,GCTCTTC(1/4)
PcsI,WCGNNNN^NNNCGW
PctI,GAATGC(1/-1)
PecI,TTA^TAA
PkrI,GCN^GC
Ple19I,CGAT^CG
PpsI,GAGTC(4/5)
Pse31I,GGTCTC(1/5)
PsiI,TTA^TAA
Psp6I,^CCWGG
Psp124BI,GAGCT^C
PspCI,CAC^GTG
PspEI,G^GTNACC
PspLI,C^GTACG
PspN4I,GGN^NCC
PspOMI,G^GGCCC
PspPPI,RG^GWCCY
PspXI,VC^TCGAGB
PsrI,(7/12)GAACNNNNNNTAC(12/7)
PstI,CTGCA^G
PstNI,CAGNNN^CTG
PvuII,CAG^CTG
RgaI,GCGAT^CGC
RigI,GGCCGG^CC
RsaI,GT^AC
RsaNI,G^TAC
Rsr2I,CG^GWCCG
SalI,G^TCGAC
SbfI,CCTGCA^GG
SetI,ASST^
SfaNI,GCATC(5/9)
SfiI,GGCCNNNN^NGGCC
Sfr274I,C^TCGAG
Sfr303I,CCGC^GG
SmaI,CCC^GGG
SmiI,ATTT^AAAT
SmiMI,CAYNN^NNRTG
SphI,GCATG^C
Sse9I,^AATT
SspI,AAT^ATT
SspMI,C^TAG
TaqI,T^CGA
Tru9I,T^TAA
TseFI,^GTSAC
Tth111I,GACN^NNGTC
VneI,G^TGCAC
VspI,AT^TAAT
XbaI,T^CTAGA
XmaI,C^CCGGG
ZraI,GAC^GTC
ZrmI,AGT^ACT
